<?xml version="1.0" encoding="utf-8"?>
<ArrayOfClient xmlns:xsi="http://www.w3.org/2001/XMLSchema-instance" xmlns:xsd="http://www.w3.org/2001/XMLSchema">
  <Client>
    <Name>Henry</Name>
    <Password>hunter2</Password>
    <LastSeen>2017-07-19T12:47:36.9257795-04:00</LastSeen>
  </Client>
  <Client>
    <Name>Bobby</Name>
    <Password>IOnlySee*******</Password>
    <LastSeen>2017-07-19T12:47:36.9257795-04:00</LastSeen>
  </Client>
  <Client>
    <Name>soyElAdmin</Name>
    <Password>holaSombreros</Password>
    <LastSeen>2017-07-20T10:54:28.0664194-04:00</LastSeen>
  </Client>
  <Client>
    <Name>noSoyElAdmin</Name>
    <Password>laAguaAzul</Password>
    <LastSeen>2017-07-20T10:54:28.0664194-04:00</LastSeen>
  </Client>
</ArrayOfClient>